z,servicio_teorico,punto_reorden,nivel_servicio,servicio_ee,dias_quiebre,inventario_medio,pedidos
0.0,0.5,903.2529589041096,0.9048263207154807,0.002106190020441584,61.5,1099.1141639348155,39.75
0.5,0.6914624612740131,1084.5678143784014,0.9345926284788343,0.0018323348274740816,42.025,1240.385301666337,41.15
1.0,0.8413447460685429,1265.8826698526932,0.9577607913737969,0.001654812816534393,27.3,1395.7521075814414,42.075
1.28,0.8997274320455579,1367.4189889182967,0.9669834673951737,0.001617983037241347,21.3,1490.585311596867,42.425
1.65,0.9505285319663519,1501.5919819692726,0.9766651086412548,0.0014455320884071542,15.1,1613.9165433728836,43.075
2.0,0.9772498680518208,1628.5123808012768,0.9834567832835625,0.0013541673489648864,10.575,1736.2668081459483,43.225
2.33,0.9900969244408357,1748.1801854143096,0.98811872790356,0.0012753744070848232,7.425,1853.650929834832,43.525
2.6,0.9953388119762813,1846.0902073704272,0.9906687100540503,0.0011501737264958773,5.85,1949.630972110563,43.625
3.0,0.9986501019683699,1991.1420917498606,0.9938409722316282,0.0009229539912951496,3.95,2097.9303236180735,43.675
